[
{"ART Centre Code":"ART-AN-SOA-01","State":"Andaman & Nicobar Islands","District":"South Andaman","Name of ARTC":"G. B. Pant Hospital"},
{"ART Centre Code":"ART-AP-APR-01","State":"Andhra Pradesh","District":"Anantapur","Name of ARTC":"Anantapur"},
{"ART Centre Code":"ART-AP-APR-02","State":"Andhra Pradesh","District":"Anantapur","Name of ARTC":"Kadiri"},
{"ART Centre Code":"ART-AP-APR-03","State":"Andhra Pradesh","District":"Anantapur","Name of ARTC":"RDT"},
{"ART Centre Code":"ART-AP-CHT-01","State":"Andhra Pradesh","District":"Chittoor","Name of ARTC":"Chittoor"},
{"ART Centre Code":"ART-AP-CHT-02","State":"Andhra Pradesh","District":"Chittoor","Name of ARTC":"Tirupathi"},
{"ART Centre Code":"ART-AP-CHT-03","State":"Andhra Pradesh","District":"Chittoor","Name of ARTC":"Madanapalli"},
{"ART Centre Code":"ART-AP-EGV-01","State":"Andhra Pradesh","District":"East Godavari","Name of ARTC":"Kakinada"},
{"ART Centre Code":"ART-AP-EGV-02","State":"Andhra Pradesh","District":"East Godavari","Name of ARTC":"Rajahmundry"},
{"ART Centre Code":"ART-AP-EGV-03","State":"Andhra Pradesh","District":"East Godavari","Name of ARTC":"Amalapuram"},
{"ART Centre Code":"ART-AP-EGV-04","State":"Andhra Pradesh","District":"East Godavari","Name of ARTC":"Tuni"},
{"ART Centre Code":"ART-AP-GTR-01","State":"Andhra Pradesh","District":"Guntur","Name of ARTC":"Guntur"},
{"ART Centre Code":"ART-AP-GTR-02","State":"Andhra Pradesh","District":"Guntur","Name of ARTC":"Tenali"},
{"ART Centre Code":"ART-AP-GTR-03","State":"Andhra Pradesh","District":"Guntur","Name of ARTC":"Narasaraopet"},
{"ART Centre Code":"ART-AP-GTR-04","State":"Andhra Pradesh","District":"Guntur","Name of ARTC":"IDH-Guntur"},
{"ART Centre Code":"ART-AP-GTR-05","State":"Andhra Pradesh","District":"Guntur","Name of ARTC":"NRI"},
{"ART Centre Code":"ART-AP-GTR-06","State":"Andhra Pradesh","District":"Guntur","Name of ARTC":"Chilkaluripet"},
{"ART Centre Code":"ART-AP-KAD-01","State":"Andhra Pradesh","District":"Kadapa","Name of ARTC":"Kadapa"},
{"ART Centre Code":"ART-AP-KAD-02","State":"Andhra Pradesh","District":"Kadapa","Name of ARTC":"Produtur"},
{"ART Centre Code":"ART-AP-KRL-01","State":"Andhra Pradesh","District":"Kurnool","Name of ARTC":"Kurnool"},
{"ART Centre Code":"ART-AP-KRL-02","State":"Andhra Pradesh","District":"Kurnool","Name of ARTC":"Nandyal"},
{"ART Centre Code":"ART-AP-KRN-01","State":"Andhra Pradesh","District":"Krishna","Name of ARTC":"Machilipatnam"},
{"ART Centre Code":"ART-AP-KRN-02","State":"Andhra Pradesh","District":"Krishna","Name of ARTC":"Vijayawada"},
{"ART Centre Code":"ART-AP-KRN-03","State":"Andhra Pradesh","District":"Krishna","Name of ARTC":"OGGH Vijayawada"},
{"ART Centre Code":"ART-AP-KRN-04","State":"Andhra Pradesh","District":"Krishna","Name of ARTC":"Gudiwada"},
{"ART Centre Code":"ART-AP-NLR-01","State":"Andhra Pradesh","District":"Nellore","Name of ARTC":"Nellore"},
{"ART Centre Code":"ART-AP-NLR-02","State":"Andhra Pradesh","District":"Nellore","Name of ARTC":"Gudur"},
{"ART Centre Code":"ART-AP-PKM-01","State":"Andhra Pradesh","District":"Prakasam","Name of ARTC":"Ongole"},
{"ART Centre Code":"ART-AP-PKM-02","State":"Andhra Pradesh","District":"Prakasam","Name of ARTC":"Marakapur"},
{"ART Centre Code":"ART-AP-PKM-03","State":"Andhra Pradesh","District":"Prakasam","Name of ARTC":"Chirala"},
{"ART Centre Code":"ART-AP-SKM-01","State":"Andhra Pradesh","District":"Srikakulam","Name of ARTC":"Srikakulam"},
{"ART Centre Code":"ART-AP-VSM-01","State":"Andhra Pradesh","District":"Visakhapatnam","Name of ARTC":"Anakapalli"},
{"ART Centre Code":"ART-AP-VSM-02","State":"Andhra Pradesh","District":"Visakhapatnam","Name of ARTC":"Visakhapatnam"},
{"ART Centre Code":"ART-AP-VSM-03","State":"Andhra Pradesh","District":"Visakhapatnam","Name of ARTC":"Chest-Vizag"},
{"ART Centre Code":"ART-AP-VSM-04","State":"Andhra Pradesh","District":"Visakhapatnam","Name of ARTC":"Narsipatnam"},
{"ART Centre Code":"ART-AP-VZM-01","State":"Andhra Pradesh","District":"Vizianagaram","Name of ARTC":"Vizianagaram"},
{"ART Centre Code":"ART-AP-VZM-02","State":"Andhra Pradesh","District":"Vizianagaram","Name of ARTC":"Parvathipuram"},
{"ART Centre Code":"ART-AP-WGV-01","State":"Andhra Pradesh","District":"West Godavari","Name of ARTC":"Eluru"},
{"ART Centre Code":"ART-AP-WGV-02","State":"Andhra Pradesh","District":"West Godavari","Name of ARTC":"Tadepalligudem"},
{"ART Centre Code":"ART-AP-WGV-03","State":"Andhra Pradesh","District":"West Godavari","Name of ARTC":"Bhimavaram"},
{"ART Centre Code":"ART-AP-WGV-04","State":"Andhra Pradesh","District":"West Godavari","Name of ARTC":"Tanuku"},
{"ART Centre Code":"ART-AU-PPR-01","State":"Arunachal Pradesh","District":"Papumpare","Name of ARTC":"Naharlagun"},
{"ART Centre Code":"ART-AS-BPT-01","State":"Assam","District":"Barpeta","Name of ARTC":"Fakhruddin Ali Ahamed Medical College & Hospital"},
{"ART Centre Code":"ART-AS-CHR-01","State":"Assam","District":"Cachar","Name of ARTC":"Silchar Medical College Hospital, Cachar"},
{"ART Centre Code":"ART-AS-DBR-01","State":"Assam","District":"Dibrugarh","Name of ARTC":"Assam Medical College Hospital, Dibrugarh"},
{"ART Centre Code":"ART-AS-JRT-01","State":"Assam","District":"Jorhat","Name of ARTC":"Jorhat Medical College & Hospital, Jorhat"},
{"ART Centre Code":"ART-AS-KMR-01","State":"Assam","District":"Kamrup","Name of ARTC":"Gauhati Medical College Hospital, Guwahati"},
{"ART Centre Code":"ART-AS-NGN-01","State":"Assam","District":"Nagaon","Name of ARTC":"FI ART Centre, BP Civil Hospital"},
{"ART Centre Code":"ART-AS-SNP-01","State":"Assam","District":"Sonitpur","Name of ARTC":"Tezpur MCH"},
{"ART Centre Code":"ART-BH-AUR-01","State":"Bihar","District":"Aurangabad","Name of ARTC":"ART Centre Sadar Hospital Aurangabad"},
{"ART Centre Code":"ART-BH-BGP-01","State":"Bihar","District":"Bhagalpur","Name of ARTC":"JLNMCH, Bhagalpur"},
{"ART Centre Code":"ART-BH-BGS-01","State":"Bihar","District":"Begusarai","Name of ARTC":"SH, Begusarai"},
{"ART Centre Code":"ART-BH-BHO-01","State":"Bihar","District":"Bhojpur","Name of ARTC":"ART Centre Sadar Hospital Bhojpur"},
{"ART Centre Code":"ART-BH-BAN-01","State":"Bihar","District":"Banka","Name of ARTC":"Sadar Hospital Banka"},
{"ART Centre Code":"ART-BH-DBG-01","State":"Bihar","District":"Darbhanga","Name of ARTC":"DMCH, Darbhanga"},
{"ART Centre Code":"ART-BH-ECH-01","State":"Bihar","District":"East Champaran","Name of ARTC":"SH, Motihari"},
{"ART Centre Code":"ART-BH-ECH-02","State":"Bihar","District":"East Champaran","Name of ARTC":"Duncan Hospital"},
{"ART Centre Code":"ART-BH-GPG-01","State":"Bihar","District":"Gopalganj","Name of ARTC":"SH, Gopalganj"},
{"ART Centre Code":"ART-BH-GYA-01","State":"Bihar","District":"Gaya","Name of ARTC":"ANMMCH, Gaya"},
{"ART Centre Code":"ART-BH-HAJ-01","State":"Bihar","District":"Hajipur","Name of ARTC":"SH, Hajipur"},
{"ART Centre Code":"ART-BH-JAI-01","State":"Bihar","District":"Jamui","Name of ARTC":"Sadar Hospital Jamui"},
{"ART Centre Code":"ART-BH-KGR-01","State":"Bihar","District":"Khagaria","Name of ARTC":"SH, Khagaria"},
{"ART Centre Code":"ART-BH-KTH-01","State":"Bihar","District":"Katihar","Name of ARTC":"KMC, Katihar"},
{"ART Centre Code":"ART-BH-KIS-01","State":"Bihar","District":"Kishanganj","Name of ARTC":"FI-ART Centre Sadar Hospital, Kishanganj"},
{"ART Centre Code":"ART-BH-KAI-01","State":"Bihar","District":"Kaimur","Name of ARTC":"Sadar Hospital Bhabua, Kaimur"},
{"ART Centre Code":"ART-BH-MDB-01","State":"Bihar","District":"Madhubani","Name of ARTC":"SH, Madhubani"},
{"ART Centre Code":"ART-BH-MUN-01","State":"Bihar","District":"Munger","Name of ARTC":"Sadar Hospital Munger"},
{"ART Centre Code":"ART-BH-MUZ-01","State":"Bihar","District":"Muzaffapur","Name of ARTC":"SKMCH, Muzaffarpur"},
{"ART Centre Code":"ART-BH-NAL-01","State":"Bihar","District":"Nalanda","Name of ARTC":"Sadar Hospital Nalanda"},
{"ART Centre Code":"ART-BH-PTN-01","State":"Bihar","District":"Patna","Name of ARTC":"PMCH, Patna"},
{"ART Centre Code":"ART-BH-PTN-02","State":"Bihar","District":"Patna","Name of ARTC":"RMRI, Patna"},
{"ART Centre Code":"ART-BH-PUR-01","State":"Bihar","District":"Purnia","Name of ARTC":"Sadar Hospital, Purnia"},
{"ART Centre Code":"ART-BH-ROH-01","State":"Bihar","District":"Rohtas","Name of ARTC":"Sadar Hospital Sasaram, Rohtas"},
{"ART Centre Code":"ART-BH-SAR-01","State":"Bihar","District":"Saran","Name of ARTC":"SH, Chapra"},
{"ART Centre Code":"ART-BH-SIT-01","State":"Bihar","District":"Sitamarhi","Name of ARTC":"SH, Sitamarhi"},
{"ART Centre Code":"ART-BH-SIW-01","State":"Bihar","District":"Siwan","Name of ARTC":"Sadar Hospital Siwan"},
{"ART Centre Code":"ART-BH-SMP-01","State":"Bihar","District":"Samastipur","Name of ARTC":"SH, Samastipur"},
{"ART Centre Code":"ART-BH-SUP-01","State":"Bihar","District":"Supaul","Name of ARTC":"Sadar Hospital Supaul"},
{"ART Centre Code":"ART-BH-WCM-01","State":"Bihar","District":"West Champaran","Name of ARTC":"Maharani Janki Kuwar (MJK) Hospital, Bettiah"},
{"ART Centre Code":"ART-CH-CHD-01","State":"Chandigarh","District":"Chandigarh","Name of ARTC":"PGI Centre of Excellence"},
{"ART Centre Code":"ART-CH-CHD-02","State":"Chandigarh","District":"Chandigarh","Name of ARTC":"GMCH Sec-32"},
{"ART Centre Code":"ART-CG-BIL-01","State":"Chhattisgarh","District":"Bilaspur","Name of ARTC":"Bilaspur"},
{"ART Centre Code":"ART-CG-DUR-01","State":"Chhattisgarh","District":"Durg","Name of ARTC":"Durg"},
{"ART Centre Code":"ART-CG-JAB-01","State":"Chhattisgarh","District":"Jagadalpur","Name of ARTC":"Jagadalpur"},
{"ART Centre Code":"ART-CG-KOR-01","State":"Chhattisgarh","District":"Korba","Name of ARTC":"Indira Gandhi District Hospital (Korba)"},
{"ART Centre Code":"ART-CG-RAI-01","State":"Chhattisgarh","District":"Raigarh","Name of ARTC":"Raigarh Medical College, Hospital"},
{"ART Centre Code":"ART-CG-RPR-01","State":"Chhattisgarh","District":"Raipur","Name of ARTC":"Raipur"},
{"ART Centre Code":"ART-CG-RPR-02","State":"Chhattisgarh","District":"Raipur","Name of ARTC":"SSIMS, Raipur"},
{"ART Centre Code":"ART-CG-RPR-03","State":"Chhattisgarh","District":"Raipur","Name of ARTC":"Raipur Institute of Medical Sciences"},
{"ART Centre Code":"ART-CG-RNG-01","State":"Chhattisgarh","District":"Rajnandgaon","Name of ARTC":"Rajnandgaon Medical College Hospital"},
{"ART Centre Code":"ART-CG-SUG-01","State":"Chhattisgarh","District":"Sarguja","Name of ARTC":"Sarguja"},
{"ART Centre Code":"ART-DNH-SIL-01","State":"Dadar & Nagar Haveli","District":"Silvasa","Name of ARTC":"Shri Vinoba Bhave Civil Hospital, Silvasa"},
{"ART Centre Code":"ART-DL-CEN-01","State":"Delhi","District":"Central","Name of ARTC":"Lok Nayak Hospital, New Delhi"},
{"ART Centre Code":"ART-DL-NES-01","State":"Delhi","District":"North-East","Name of ARTC":"GTB Hospital, Delhi"},
{"ART Centre Code":"ART-DL-NEW-01","State":"Delhi","District":"New Delhi","Name of ARTC":"Dr. RML Hospital"},
{"ART Centre Code":"ART-DL-NEW-02","State":"Delhi","District":"New Delhi","Name of ARTC":"Kalawati Saran Children Hospital"},
{"ART Centre Code":"ART-DL-NEW-03","State":"Delhi","District":"New Delhi","Name of ARTC":"Lal Bahadur Shastri Hospital"},
{"ART Centre Code":"ART-DL-NWS-01","State":"Delhi","District":"North-West","Name of ARTC":"Dr. Baba Saheb Ambedkar Hospital"},
{"ART Centre Code":"ART-DL-NWS-02","State":"Delhi","District":"North-West","Name of ARTC":"Deep Chand Bandhu Hospital"},
{"ART Centre Code":"ART-DL-SOU-01","State":"Delhi","District":"South","Name of ARTC":"All India Institute of Medical Science"},
{"ART Centre Code":"ART-DL-SOU-02","State":"Delhi","District":"South","Name of ARTC":"National Institute of Tuberculosis and Respiratory Diseases"},
{"ART Centre Code":"ART-DL-SWS-01","State":"Delhi","District":"South-West","Name of ARTC":"Safdarjung Hospital"},
{"ART Centre Code":"ART-DL-WES-01","State":"Delhi","District":"West","Name of ARTC":"DDU Hospital ND."},
{"ART Centre Code":"ART-DL-WES-02","State":"Delhi","District":"West","Name of ARTC":"Tihar Prison Complex"},
{"ART Centre Code":"ART-GO-GON-01","State":"Goa","District":"North Goa","Name of ARTC":"Goa Medical college"},
{"ART Centre Code":"ART-GO-GOS-01","State":"Goa","District":"South Goa","Name of ARTC":"Hospicio Hospital"},
{"ART Centre Code":"ART-GJ-AMD-01","State":"Gujarat","District":"Ahmedbad","Name of ARTC":"B J Medical College, Ahmedabad (Civil)"},
{"ART Centre Code":"ART-GJ-AMD-02","State":"Gujarat","District":"Ahmedbad","Name of ARTC":"V S General Hospital, Ahmedabad"},
{"ART Centre Code":"ART-GJ-AMD-03","State":"Gujarat","District":"Ahmedbad","Name of ARTC":"Sola Civil Hospital, Sola, A'bad"},
{"ART Centre Code":"ART-GJ-AMD-04","State":"Gujarat","District":"Ahmedbad","Name of ARTC":"S.M.S Multi-Speciality Hospital, Ahmedabad"},
{"ART Centre Code":"ART-GJ-AML-01","State":"Gujarat","District":"Amreli","Name of ARTC":"General Hospital, Amreli"},
{"ART Centre Code":"ART-GJ-BAN-01","State":"Gujarat","District":"Banaskantha","Name of ARTC":"General Hospital, Palanpur"},
{"ART Centre Code":"ART-GJ-BRH-01","State":"Gujarat","District":"Bharuch","Name of ARTC":"General Hospital, Bharuch"},
{"ART Centre Code":"ART-GJ-BVN-01","State":"Gujarat","District":"Bhavnagar","Name of ARTC":"Sir T General Hospital, Bhavnagar"},
{"ART Centre Code":"ART-GJ-DHD-01","State":"Gujarat","District":"Dahod","Name of ARTC":"General Hospital, Dahod"},
{"ART Centre Code":"ART-GJ-GNR-01","State":"Gujarat","District":"Gandhinagar","Name of ARTC":"GMERS Medical College & General Hospital, Gandhinagar"},
{"ART Centre Code":"ART-GJ-GOD-01","State":"Gujarat","District":"Godhra","Name of ARTC":"General Hospital, Godhra"},
{"ART Centre Code":"ART-GJ-JMD-01","State":"Gujarat","District":"Jamnagar","Name of ARTC":"G. G. Hospital - Jamnagar"},
{"ART Centre Code":"ART-GJ-JUN-01","State":"Gujarat","District":"Junagadh","Name of ARTC":"Civil Hospital, Junagadh"},
{"ART Centre Code":"ART-GJ-KDA-01","State":"Gujarat","District":"Kheda","Name of ARTC":"General Hospital, Nadiad"},
{"ART Centre Code":"ART-GJ-KTC-01","State":"Gujarat","District":"Kachchh","Name of ARTC":"G K General Hospital, Bhuj-Kutch"},
{"ART Centre Code":"ART-GJ-MOR-01","State":"Gujarat","District":"Morbi","Name of ARTC":"FIARTC General Hospital Morbi"},
{"ART Centre Code":"ART-GJ-MSN-01","State":"Gujarat","District":"Mehsana","Name of ARTC":"General Hospital, Mehsana,"},
{"ART Centre Code":"ART-GJ-MSN-02","State":"Gujarat","District":"Mehsana","Name of ARTC":"Nootan Medical college Visnagar, Mehsana"},
{"ART Centre Code":"ART-GJ-NAV-01","State":"Gujarat","District":"Navsari","Name of ARTC":"M G General Hospital, Navsari"},
{"ART Centre Code":"ART-GJ-PAT-01","State":"Gujarat","District":"Patan","Name of ARTC":"G H Hospital, Patan"},
{"ART Centre Code":"ART-GJ-POR-01","State":"Gujarat","District":"Porbandar","Name of ARTC":"Bhavsinhji General Hospital, Porbandar"},
{"ART Centre Code":"ART-GJ-RJT-01","State":"Gujarat","District":"Rajkot","Name of ARTC":"PDU Hospital, Rajkot"},
{"ART Centre Code":"ART-GJ-RJT-02","State":"Gujarat","District":"Rajkot","Name of ARTC":"FI ARTC, Govt. Hospital, Gondal"},
{"ART Centre Code":"ART-GJ-SBK-01","State":"Gujarat","District":"Sabarkantha","Name of ARTC":"Sir Pratap General Hospital, Himmatnagar"},
{"ART Centre Code":"ART-GJ-SRN-01","State":"Gujarat","District":"Surendranagar","Name of ARTC":"M G S. General Hospital"},
{"ART Centre Code":"ART-GJ-SRT-01","State":"Gujarat","District":"Surat","Name of ARTC":"New Civil Hospital, Surat"},
{"ART Centre Code":"ART-GJ-SRT-02","State":"Gujarat","District":"Surat","Name of ARTC":"SMIMER Hospita, Surat"},
{"ART Centre Code":"ART-GJ-SRT-03","State":"Gujarat","District":"Tapi","Name of ARTC":"General Hospital, Vyara"},
{"ART Centre Code":"ART-GJ-SRT-04","State":"Gujarat","District":"Surat","Name of ARTC":"Reliance HIV & TB Control Center, Surat (PPP)"},
{"ART Centre Code":"ART-GJ-VDD-01","State":"Gujarat","District":"Vadodara","Name of ARTC":"SSG Hospital, Vadodara"},
{"ART Centre Code":"ART-GJ-VDD-02","State":"Gujarat","District":"Vadodara","Name of ARTC":"GMERS Medical College, Gotri, Vadodara"},
{"ART Centre Code":"ART-GJ-VDD-03","State":"Gujarat","District":"Vadodara","Name of ARTC":"Dhiraj Hospital and Sumandeep Vidya Peeth, Vadodara"},
{"ART Centre Code":"ART-GJ-VDD-04","State":"Gujarat","District":"Vadodara","Name of ARTC":"Parul Sevashram Hospital and Medical College, Vadodara"},
{"ART Centre Code":"ART-GJ-VLD-01","State":"Gujarat","District":"Valsad","Name of ARTC":"Civil Hospital, Valsad"},
{"ART Centre Code":"ART-HR-ABL-01","State":"Haryana","District":"Ambala","Name of ARTC":"Civil Hospital, Ambala"},
{"ART Centre Code":"ART-HR-ABL-02","State":"Haryana","District":"Ambala","Name of ARTC":"MMIMSR, Ambala"},
{"ART Centre Code":"ART-HR-BWN-01","State":"Haryana","District":"Bhiwani","Name of ARTC":"Civil Hospital, Bhiwani"},
{"ART Centre Code":"ART-HR-GUR-01","State":"Haryana","District":"Gurugram","Name of ARTC":"Gurugram Civil Hospital"},
{"ART Centre Code":"ART-HR-HIS-01","State":"Haryana","District":"Hisar","Name of ARTC":"Maharaja Agarsen Civil Hospital, Hisar"},
{"ART Centre Code":"ART-HR-JIN-01","State":"Haryana","District":"Jind","Name of ARTC":"ARTC Jind"},
{"ART Centre Code":"ART-HR-KTL-01","State":"Haryana","District":"Kaithal","Name of ARTC":"Civil Hospital, Kaithal"},
{"ART Centre Code":"ART-HR-KAR-01","State":"Haryana","District":"Karnal","Name of ARTC":"Karnal Civil Hospital"},
{"ART Centre Code":"ART-HR-KAR-02","State":"Haryana","District":"Karnal","Name of ARTC":"Kalpana Chawla Government Medical College (KCGMC), Karnal"},
{"ART Centre Code":"ART-HR-KUR-01","State":"Haryana","District":"Kurukshetra","Name of ARTC":"Kurukshetra Civil Hospital"},
{"ART Centre Code":"ART-HR-PCH-01","State":"Haryana","District":"Panchkula","Name of ARTC":"District Hospital Panchkula"},
{"ART Centre Code":"ART-HR-PAN-01","State":"Haryana","District":"Panipat","Name of ARTC":"Panipat Civil Hospital"},
{"ART Centre Code":"ART-HR-REW-01","State":"Haryana","District":"Rewari","Name of ARTC":"Civil Hospital Rewari"},
{"ART Centre Code":"ART-HR-RTK-01","State":"Haryana","District":"Rohtak","Name of ARTC":"ART Centre, PGIMS, Rohtak"},
{"ART Centre Code":"ART-HR-SRS-01","State":"Haryana","District":"Sirsa","Name of ARTC":"Civil Hospital, Sirsa"},
{"ART Centre Code":"ART-HR-SNP-01","State":"Haryana","District":"Sonipat","Name of ARTC":"Civil Hospital, Sonipat"},
{"ART Centre Code":"ART-HP-BIL-01","State":"Himachal Pradesh","District":"Bilaspur","Name of ARTC":"FI ART R.H.BILASPUR"},
{"ART Centre Code":"ART-HP-HMP-01","State":"Himachal Pradesh","District":"Hamirpur","Name of ARTC":"ART Centre RH Hamirpur HP"},
{"ART Centre Code":"ART-HP-KGR-01","State":"Himachal Pradesh","District":"Kangra","Name of ARTC":"ARTC, DRPGMC, Kangra at Tanda (HP)"},
{"ART Centre Code":"ART-HP-MND-01","State":"Himachal Pradesh","District":"Mandi","Name of ARTC":"FI ART Zonal Hospital Mandi (HP)"},
{"ART Centre Code":"ART-HP-SHM-01","State":"Himachal Pradesh","District":"Shimla","Name of ARTC":"IGMC, Shimla"},
{"ART Centre Code":"ART-HP-UNA-01","State":"Himachal Pradesh","District":"Una","Name of ARTC":"FI ARTC, RH-Una"},
{"ART Centre Code":"ART-JK-JMU-01","State":"J&K","District":"Jammu","Name of ARTC":"Art Plus Centre GMC Jammu"},
{"ART Centre Code":"ART-JK-KAT-01","State":"J&K","District":"Kathua","Name of ARTC":"District Hospital Kathua"},
{"ART Centre Code":"ART-JK-SGR-01","State":"J&K","District":"Srinagar","Name of ARTC":"ART Centre SKIMS"},
{"ART Centre Code":"ART-JH-BOK-01","State":"Jharkhand","District":"Bokaro","Name of ARTC":"Sadar Hospital, Bokaro"},
{"ART Centre Code":"ART-JH-DGR-01","State":"Jharkhand","District":"Deoghar","Name of ARTC":"Sadar Hospital Deoghar"},
{"ART Centre Code":"ART-JH-DHN-01","State":"Jharkhand","District":"Dhanbad","Name of ARTC":"Patliputra Medical College And Hospital, Dhanbad"},
{"ART Centre Code":"ART-JH-DLG-01","State":"Jharkhand","District":"Daltonganj","Name of ARTC":"A.R.T Centre, Sadar Hospital, Daltonganj"},
{"ART Centre Code":"ART-JH-DUM-01","State":"Jharkhand","District":"Dumka","Name of ARTC":"Sadar Hospital, Dumka"},
{"ART Centre Code":"ART-JH-GRD-01","State":"Jharkhand","District":"Giridih","Name of ARTC":"Giridih"},
{"ART Centre Code":"ART-JH-HZB-01","State":"Jharkhand","District":"Hazaribagh","Name of ARTC":"ARTC Hazaribagh"},
{"ART Centre Code":"ART-JH-JAM-01","State":"Jharkhand","District":"Jamshedpur","Name of ARTC":"Mahatama Gandhi Memorial Medical College & Hospital, Jamshedpur"},
{"ART Centre Code":"ART-JH-KOD-01","State":"Jharkhand","District":"Koderma","Name of ARTC":"ARTC, SADAR HOSPITAL , KODERMA"},
{"ART Centre Code":"ART-JH-RNC-01","State":"Jharkhand","District":"Ranchi","Name of ARTC":"Rajendra Institute Of Medical Sciences"},
{"ART Centre Code":"ART-JH-SBG-01","State":"Jharkhand","District":"Sahibganj","Name of ARTC":"Sadar Hospital Sahibganj"},
{"ART Centre Code":"ART-JH-WSM","State":"Jharkhand","District":"West Singbhum","Name of ARTC":"Sadar Hospital, West Singbhum"},
{"ART Centre Code":"ART-KA-BDR-01","State":"Karnataka","District":"Bidar","Name of ARTC":"Bidar"},
{"ART Centre Code":"ART-KA-BEL-01","State":"Karnataka","District":"Belgaum","Name of ARTC":"Athani"},
{"ART Centre Code":"ART-KA-BEL-02","State":"Karnataka","District":"Belgaum","Name of ARTC":"Belgaum"},
{"ART Centre Code":"ART-KA-BEL-03","State":"Karnataka","District":"Belgaum","Name of ARTC":"Chikkodi"},
{"ART Centre Code":"ART-KA-BEL-04","State":"Karnataka","District":"Belgaum","Name of ARTC":"Gokak"},
{"ART Centre Code":"ART-KA-BEL-05","State":"Karnataka","District":"Belgaum","Name of ARTC":"Raibagh"},
{"ART Centre Code":"ART-KA-BEL-06","State":"Karnataka","District":"Belgaum","Name of ARTC":"Saudatti"},
{"ART Centre Code":"ART-KA-BEL-07","State":"Karnataka","District":"Belgaum","Name of ARTC":"Jawaharlal Nehru Medical College, Belgaum"},
{"ART Centre Code":"ART-KA-BJP-01","State":"Karnataka","District":"Bijapur","Name of ARTC":"Bijapur"},
{"ART Centre Code":"ART-KA-BJP-02","State":"Karnataka","District":"Bijapur","Name of ARTC":"Indi"},
{"ART Centre Code":"ART-KA-BJP-03","State":"Karnataka","District":"Bijapur","Name of ARTC":"Muddebihal"},
{"ART Centre Code":"ART-KA-BJP-04","State":"Karnataka","District":"Bijapur","Name of ARTC":"Sindagi"},
{"ART Centre Code":"ART-KA-BLK-01","State":"Karnataka","District":"Bagalkot","Name of ARTC":"Bagalkot"},
{"ART Centre Code":"ART-KA-BLK-02","State":"Karnataka","District":"Bagalkot","Name of ARTC":"Hungund, Bgl Dist"},
{"ART Centre Code":"ART-KA-BLK-03","State":"Karnataka","District":"Bagalkot","Name of ARTC":"Jamakandi"},
{"ART Centre Code":"ART-KA-BLK-04","State":"Karnataka","District":"Bagalkot","Name of ARTC":"Mudhol"},
{"ART Centre Code":"ART-KA-BLR-01","State":"Karnataka","District":"Bangalore","Name of ARTC":"Bowring"},
{"ART Centre Code":"ART-KA-BLR-02","State":"Karnataka","District":"Bangalore","Name of ARTC":"IGICH"},
{"ART Centre Code":"ART-KA-BLR-03","State":"Karnataka","District":"Bangalore","Name of ARTC":"Indiranagar"},
{"ART Centre Code":"ART-KA-BLR-04","State":"Karnataka","District":"Bangalore","Name of ARTC":"K C General"},
{"ART Centre Code":"ART-KA-BLR-05","State":"Karnataka","District":"Bangalore","Name of ARTC":"KIMS, B'lore"},
{"ART Centre Code":"ART-KA-BLR-06","State":"Karnataka","District":"Bangalore","Name of ARTC":"St. Johns, B'lore"},
{"ART Centre Code":"ART-KA-BLR-07","State":"Karnataka","District":"Bangalore","Name of ARTC":"Victoria, B'lore"},
{"ART Centre Code":"ART-KA-BLY-01","State":"Karnataka","District":"Bellary","Name of ARTC":"Bellary"},
{"ART Centre Code":"ART-KA-BLY-02","State":"Karnataka","District":"Bellary","Name of ARTC":"Hospet"},
{"ART Centre Code":"ART-KA-BLY-03","State":"Karnataka","District":"Bellary","Name of ARTC":"Sirguppa"},
{"ART Centre Code":"ART-KA-CDG-01","State":"Karnataka","District":"Chitradurga","Name of ARTC":"Chitradurga"},
{"ART Centre Code":"ART-KA-CHK-01","State":"Karnataka","District":"Chikmangalur","Name of ARTC":"Chikmangalur"},
{"ART Centre Code":"ART-KA-CLP-01","State":"Karnataka","District":"Chikballapura","Name of ARTC":"Chikballapura"},
{"ART Centre Code":"ART-KA-CRN-01","State":"Karnataka","District":"Chamarajnagar","Name of ARTC":"Chamarajnagar"},
{"ART Centre Code":"ART-KA-CRN-02","State":"Karnataka","District":"Chamarajnagar","Name of ARTC":"Kollegal"},
{"ART Centre Code":"ART-KA-DHA-01","State":"Karnataka","District":"Dharwad","Name of ARTC":"Dharwad"},
{"ART Centre Code":"ART-KA-DHA-02","State":"Karnataka","District":"Dharwad","Name of ARTC":"Hubli"},
{"ART Centre Code":"ART-KA-DOD-01","State":"Karnataka","District":"Doddaballapur","Name of ARTC":"Doddaballapur"},
{"ART Centre Code":"ART-KA-DVG-01","State":"Karnataka","District":"Davangere","Name of ARTC":"Channagiri"},
{"ART Centre Code":"ART-KA-DVG-02","State":"Karnataka","District":"Davangere","Name of ARTC":"Davangere"},
{"ART Centre Code":"ART-KA-GBG-01","State":"Karnataka","District":"Gulbarga","Name of ARTC":"Acc, Wadi"},
{"ART Centre Code":"ART-KA-GBG-02","State":"Karnataka","District":"Yadgir","Name of ARTC":"Yadgir"},
{"ART Centre Code":"ART-KA-GDG-01","State":"Karnataka","District":"Gadag","Name of ARTC":"Gadag"},
{"ART Centre Code":"ART-KA-GLG-01","State":"Karnataka","District":"Gulbarga","Name of ARTC":"Gulbarga"},
{"ART Centre Code":"ART-KA-GLG-02","State":"Karnataka","District":"Gulbarga","Name of ARTC":"Jewargi"},
{"ART Centre Code":"ART-KA-HAS-01","State":"Karnataka","District":"Hassan","Name of ARTC":"Hassan"},
{"ART Centre Code":"ART-KA-HVR-01","State":"Karnataka","District":"Haveri","Name of ARTC":"Haveri"},
{"ART Centre Code":"ART-KA-KAR-01","State":"Karnataka","District":"Karwar","Name of ARTC":"Karwar"},
{"ART Centre Code":"ART-KA-KAR-02","State":"Karnataka","District":"Karwar","Name of ARTC":"Sirsi"},
{"ART Centre Code":"ART-KA-KOD-01","State":"Karnataka","District":"Kodagu","Name of ARTC":"Kodagu"},
{"ART Centre Code":"ART-KA-KOL-01","State":"Karnataka","District":"Kolar","Name of ARTC":"Kolar"},
{"ART Centre Code":"ART-KA-KPP-01","State":"Karnataka","District":"Koppal","Name of ARTC":"Gangavathi"},
{"ART Centre Code":"ART-KA-KPP-02","State":"Karnataka","District":"Koppal","Name of ARTC":"Koppal"},
{"ART Centre Code":"ART-KA-MAN-01","State":"Karnataka","District":"Mandya","Name of ARTC":"Mandya"},
{"ART Centre Code":"ART-KA-MAN-02","State":"Karnataka","District":"Mandya","Name of ARTC":"Adichunchanagiri Institute of Medical Science, Bangalore"},
{"ART Centre Code":"ART-KA-MLR-01","State":"Karnataka","District":"Mangalore","Name of ARTC":"KMC, Mangalore"},
{"ART Centre Code":"ART-KA-MLR-02","State":"Karnataka","District":"Mangalore","Name of ARTC":"Mangalore"},
{"ART Centre Code":"ART-KA-MLR-03","State":"Karnataka","District":"Mangalore","Name of ARTC":"Kanachur Institute of Medical Science (KIMS)"},
{"ART Centre Code":"ART-KA-MYS-01","State":"Karnataka","District":"Mysore","Name of ARTC":"Asha Kirana"},
{"ART Centre Code":"ART-KA-MYS-02","State":"Karnataka","District":"Mysore","Name of ARTC":"JSS, Mysore"},
{"ART Centre Code":"ART-KA-MYS-03","State":"Karnataka","District":"Mysore","Name of ARTC":"K R Hosp, Mysore"},
{"ART Centre Code":"ART-KA-RAM-01","State":"Karnataka","District":"Ramanagara","Name of ARTC":"Ramanagara"},
{"ART Centre Code":"ART-KA-RCR-01","State":"Karnataka","District":"Raichur","Name of ARTC":"Lingasagur"},
{"ART Centre Code":"ART-KA-RCR-02","State":"Karnataka","District":"Raichur","Name of ARTC":"Raichur"},
{"ART Centre Code":"ART-KA-RCR-03","State":"Karnataka","District":"Raichur","Name of ARTC":"Sindanur"},
{"ART Centre Code":"ART-KA-SHI-01","State":"Karnataka","District":"Shimoga","Name of ARTC":"Shimoga"},
{"ART Centre Code":"ART-KA-TUM-01","State":"Karnataka","District":"Tumkur","Name of ARTC":"Sira (FI-ART)"},
{"ART Centre Code":"ART-KA-TUM-02","State":"Karnataka","District":"Tumkur","Name of ARTC":"Tiptur"},
{"ART Centre Code":"ART-KA-TUM-03","State":"Karnataka","District":"Tumkur","Name of ARTC":"Tumkur"},
{"ART Centre Code":"ART-KA-TUM-04","State":"Karnataka","District":"Tumkur","Name of ARTC":"Sridevi Institute of Medical Science and Research Institute"},
{"ART Centre Code":"ART-KA-UDU-01","State":"Karnataka","District":"Udupi","Name of ARTC":"Kundapur"},
{"ART Centre Code":"ART-KA-UDU-02","State":"Karnataka","District":"Udupi","Name of ARTC":"Udupi"},
{"ART Centre Code":"ART-KL-ALP-01","State":"Kerala","District":"Alappuzha","Name of ARTC":"Alappuzha"},
{"ART Centre Code":"ART-KL-ENK-01","State":"Kerala","District":"Ernakulam","Name of ARTC":"Ernakulam"},
{"ART Centre Code":"ART-KL-KLM-01","State":"Kerala","District":"Kollam","Name of ARTC":"Kollam"},
{"ART Centre Code":"ART-KL-KNR-01","State":"Kerala","District":"Kannur","Name of ARTC":"Kannur"},
{"ART Centre Code":"ART-KL-KOT-01","State":"Kerala","District":"Kottayam","Name of ARTC":"Kottayam"},
{"ART Centre Code":"ART-KL-KSG-01","State":"Kerala","District":"Kasargod","Name of ARTC":"Kasargod"},
{"ART Centre Code":"ART-KL-KZK-01","State":"Kerala","District":"Kozhikode","Name of ARTC":"Kozhikode"},
{"ART Centre Code":"ART-KL-PLK-01","State":"Kerala","District":"Palakkad","Name of ARTC":"Palakkad"},
{"ART Centre Code":"ART-KL-THR-01","State":"Kerala","District":"Thrissur","Name of ARTC":"Thrissur"},
{"ART Centre Code":"ART-KL-TRM-01","State":"Kerala","District":"Trivandrum","Name of ARTC":"Trivandrum"},
{"ART Centre Code":"ART-MP-BAL-01","State":"Madhya Pradesh","District":"Balaghat","Name of ARTC":"Balaghat"},
{"ART Centre Code":"ART-MP-BAR-01","State":"Madhya Pradesh","District":"Barwani","Name of ARTC":"Barwani"},
{"ART Centre Code":"ART-MP-BET-01","State":"Madhya Pradesh","District":"Betul","Name of ARTC":"District Hospital Betul"},
{"ART Centre Code":"ART-MP-BHI-01","State":"Madhya Pradesh","District":"Bhind","Name of ARTC":"District Hospital Bhind"},
{"ART Centre Code":"ART-MP-BNP-01","State":"Madhya Pradesh","District":"Burhanpur","Name of ARTC":"Burhanpur"},
{"ART Centre Code":"ART-MP-BPL-01","State":"Madhya Pradesh","District":"Bhopal","Name of ARTC":"Bhopal"},
{"ART Centre Code":"ART-MP-DEW-01","State":"Madhya Pradesh","District":"Dewas","Name of ARTC":"MG District Hospital Dewas"},
{"ART Centre Code":"ART-MP-DHR-01","State":"Madhya Pradesh","District":"Dhar","Name of ARTC":"Dhar"},
{"ART Centre Code":"ART-MP-CHI-01","State":"Madhya Pradesh","District":"Chindwara","Name of ARTC":"District Hospital Chindwara"},
{"ART Centre Code":"ART-MP-GLR-01","State":"Madhya Pradesh","District":"Gwalior","Name of ARTC":"Gwalior"},
{"ART Centre Code":"ART-MP-HGD-01","State":"Madhya Pradesh","District":"Hoshangabad","Name of ARTC":"District Hospital Hoshangabad"},
{"ART Centre Code":"ART-MP-IDR-01","State":"Madhya Pradesh","District":"Indore","Name of ARTC":"Indore"},
{"ART Centre Code":"ART-MP-JBP-01","State":"Madhya Pradesh","District":"Jabalpur","Name of ARTC":"Jabalpur"},
{"ART Centre Code":"ART-MP-KDW-01","State":"Madhya Pradesh","District":"Khandwa","Name of ARTC":"Khandwa"},
{"ART Centre Code":"ART-MP-KGN-01","State":"Madhya Pradesh","District":"Khargone","Name of ARTC":"Khargone"},
{"ART Centre Code":"ART-MP-MDS-01","State":"Madhya Pradesh","District":"Mandsaur","Name of ARTC":"Mandsaur"},
{"ART Centre Code":"ART-MP-MOR-01","State":"Madhya Pradesh","District":"Morena","Name of ARTC":"District Hospital Morena"},
{"ART Centre Code":"ART-MP-NMC-01","State":"Madhya Pradesh","District":"Neemuch","Name of ARTC":"Neemuch"},
{"ART Centre Code":"ART-MP-REW-01","State":"Madhya Pradesh","District":"Rewa","Name of ARTC":"Rewa"},
{"ART Centre Code":"ART-MP-RTL-01","State":"Madhya Pradesh","District":"Ratlam","Name of ARTC":"Ratlam"},
{"ART Centre Code":"ART-MP-SGR-01","State":"Madhya Pradesh","District":"Sagar","Name of ARTC":"Sagar"},
{"ART Centre Code":"ART-MP-SNI-01","State":"Madhya Pradesh","District":"Seoni","Name of ARTC":"Seoni"},
{"ART Centre Code":"ART-MP-SVP-01","State":"Madhya Pradesh","District":"Shivpuri","Name of ARTC":"Shivpuri"},
{"ART Centre Code":"ART-MP-UJN-01","State":"Madhya Pradesh","District":"Ujjain","Name of ARTC":"Ujjain"},
{"ART Centre Code":"ART-MH-AKL-01","State":"Maharashtra","District":"Akola","Name of ARTC":"Akola GMC"},
{"ART Centre Code":"ART-MH-AKL-02","State":"Maharashtra","District":"Akola","Name of ARTC":"Lady hardinge DWH"},
{"ART Centre Code":"ART-MH-AMT-01","State":"Maharashtra","District":"Amravati","Name of ARTC":"Amravati GH"},
{"ART Centre Code":"ART-MH-ANG-01","State":"Maharashtra","District":"Ahmednagar","Name of ARTC":"Ahmadnagar CH"},
{"ART Centre Code":"ART-MH-ANG-02","State":"Maharashtra","District":"Ahmednagar","Name of ARTC":"Pravara Medical Trust, Loni, A'nagar"},
{"ART Centre Code":"ART-MH-ARD-01","State":"Maharashtra","District":"Aurangabad","Name of ARTC":"Aurangabad GMC"},
{"ART Centre Code":"ART-MH-ARD-02","State":"Maharashtra","District":"Aurangabad","Name of ARTC":"SDH Vaijapur, Aurangabad"},
{"ART Centre Code":"ART-MH-ARD-03","State":"Maharashtra","District":"Aurangabad","Name of ARTC":"Rural Health Unit, Paithan"},
{"ART Centre Code":"ART-MH-BED-01","State":"Maharashtra","District":"Beed","Name of ARTC":"SRTR Ambejogai, Beed"},
{"ART Centre Code":"ART-MH-BED-02","State":"Maharashtra","District":"Beed","Name of ARTC":"Beed CH"},
{"ART Centre Code":"ART-MH-BLD-01","State":"Maharashtra","District":"Buldhana","Name of ARTC":"Buldhana DH"},
{"ART Centre Code":"ART-MH-BND-01","State":"Maharashtra","District":"Bhandara","Name of ARTC":"Bhandara CH"},
{"ART Centre Code":"ART-MH-CPR-01","State":"Maharashtra","District":"Chandrapur","Name of ARTC":"Chandrapur CH"},
{"ART Centre Code":"ART-MH-CPR-02","State":"Maharashtra","District":"Chandrapur","Name of ARTC":"BILT,Chandrapur"},
{"ART Centre Code":"ART-MH-CPR-03","State":"Maharashtra","District":"Chandrapur","Name of ARTC":"Warora"},
{"ART Centre Code":"ART-MH-DHL-01","State":"Maharashtra","District":"Dhule","Name of ARTC":"Dhule GMC"},
{"ART Centre Code":"ART-MH-DHL-02","State":"Maharashtra","District":"Dhule","Name of ARTC":"Sub District Hospital, Shirpur"},
{"ART Centre Code":"ART-MH-GDL-01","State":"Maharashtra","District":"Gadchiroli","Name of ARTC":"Gadchiroli CH"},
{"ART Centre Code":"ART-MH-GNA-01","State":"Maharashtra","District":"Gondia","Name of ARTC":"Gondia CH"},
{"ART Centre Code":"ART-MH-HIN-01","State":"Maharashtra","District":"Hingoli","Name of ARTC":"Hingoli CH"},
{"ART Centre Code":"ART-MH-JLG-01","State":"Maharashtra","District":"Jalgaon","Name of ARTC":"Jalgaon CH"},
{"ART Centre Code":"ART-MH-JLG-02","State":"Maharashtra","District":"Jalgaon","Name of ARTC":"Rural Hospital, Amalner"},
{"ART Centre Code":"ART-MH-JLN-01","State":"Maharashtra","District":"Jalna","Name of ARTC":"Jalna CH"},
{"ART Centre Code":"ART-MH-KLP-01","State":"Maharashtra","District":"Kolhapur","Name of ARTC":"Kolhapur RCSM GMC"},
{"ART Centre Code":"ART-MH-KLP-02","State":"Maharashtra","District":"Kolhapur","Name of ARTC":"SDH Gadhinglaj, Kolhapur"},
{"ART Centre Code":"ART-MH-KLP-03","State":"Maharashtra","District":"Kolhapur","Name of ARTC":"Ichalkaranji IGMH, Kolhapur"},
{"ART Centre Code":"ART-MH-KLP-04","State":"Maharashtra","District":"Kolhapur","Name of ARTC":"Savitribai Phule Corp. , Kolhapur"},
{"ART Centre Code":"ART-MH-KLP-05","State":"Maharashtra","District":"Kolhapur","Name of ARTC":"Lotus Medical Foundation"},
{"ART Centre Code":"ART-MH-LTR-01","State":"Maharashtra","District":"Latur","Name of ARTC":"Latur GMC"},
{"ART Centre Code":"ART-MH-LTR-02","State":"Maharashtra","District":"Latur","Name of ARTC":"Sub District Hospital, Udgir"},
{"ART Centre Code":"ART-MH-NDB-01","State":"Maharashtra","District":"Nandurbar","Name of ARTC":"Nandurbar CH"},
{"ART Centre Code":"ART-MH-NDD-01","State":"Maharashtra","District":"Nanded","Name of ARTC":"Nanded GMC"},
{"ART Centre Code":"ART-MH-NGP-01","State":"Maharashtra","District":"Nagpur","Name of ARTC":"GMC Nagpur"},
{"ART Centre Code":"ART-MH-NGP-02","State":"Maharashtra","District":"Nagpur","Name of ARTC":"IGMC, Nagpur"},
{"ART Centre Code":"ART-MH-NGP-03","State":"Maharashtra","District":"Nagpur","Name of ARTC":"SDH Kamptee, Nagpur"},
{"ART Centre Code":"ART-MH-NSK-01","State":"Maharashtra","District":"Nasik","Name of ARTC":"Nashik CH"},
{"ART Centre Code":"ART-MH-NSK-02","State":"Maharashtra","District":"Nasik","Name of ARTC":"SDH Malegaon"},
{"ART Centre Code":"ART-MH-OBD-01","State":"Maharashtra","District":"Osmanabad","Name of ARTC":"Osmanabad CH"},
{"ART Centre Code":"ART-MH-OBD-02","State":"Maharashtra","District":"Osmanabad","Name of ARTC":"Rural Hospital, Sastur"},
{"ART Centre Code":"ART-MH-PBN-01","State":"Maharashtra","District":"Parbhani","Name of ARTC":"Parbhani CH"},
{"ART Centre Code":"ART-MH-PNA-01","State":"Maharashtra","District":"Pune","Name of ARTC":"Sasoon G H Pune (BJMC)"},
{"ART Centre Code":"ART-MH-PNA-02","State":"Maharashtra","District":"Pune","Name of ARTC":"AFMC,Pune"},
{"ART Centre Code":"ART-MH-PNA-03","State":"Maharashtra","District":"Pune","Name of ARTC":"YCM, Pune"},
{"ART Centre Code":"ART-MH-PNA-04","State":"Maharashtra","District":"Pune","Name of ARTC":"Nari Pune"},
{"ART Centre Code":"ART-MH-PNA-05","State":"Maharashtra","District":"Pune","Name of ARTC":"SDH Baramati, Pune"},
{"ART Centre Code":"ART-MH-PNA-06","State":"Maharashtra","District":"Pune","Name of ARTC":"BSRC Hospital, Yerwada"},
{"ART Centre Code":"ART-MH-PNA-07","State":"Maharashtra","District":"Pune","Name of ARTC":"District Hospital, Aundh"},
{"ART Centre Code":"ART-MH-RGD-01","State":"Maharashtra","District":"Raigad","Name of ARTC":"Raigad DH"},
{"ART Centre Code":"ART-MH-RGD-02","State":"Maharashtra","District":"Raigad","Name of ARTC":"Reliance, Raigad"},
{"ART Centre Code":"ART-MH-RGD-03","State":"Maharashtra","District":"Raigad","Name of ARTC":"MGM Medical College, Navi Mumbai"},
{"ART Centre Code":"ART-MH-RTG-01","State":"Maharashtra","District":"Ratnagiri","Name of ARTC":"Ratnagiri CH"},
{"ART Centre Code":"ART-MH-RTG-02","State":"Maharashtra","District":"Ratnagiri","Name of ARTC":"BKL Walawalkar Rural Medical College, Sawarde, Ratnagiri"},
{"ART Centre Code":"ART-MH-SDG-01","State":"Maharashtra","District":"Sindhudurg","Name of ARTC":"Sidhudurg CH"},
{"ART Centre Code":"ART-MH-SLR-01","State":"Maharashtra","District":"Solapur","Name of ARTC":"Solapur GMC"},
{"ART Centre Code":"ART-MH-SLR-02","State":"Maharashtra","District":"Solapur","Name of ARTC":"SDH Pandharpur, Solapur"},
{"ART Centre Code":"ART-MH-SLR-03","State":"Maharashtra","District":"Solapur","Name of ARTC":"RH Barshi , Solapur"},
{"ART Centre Code":"ART-MH-SNG-01","State":"Maharashtra","District":"Sangli","Name of ARTC":"PVPG Singli"},
{"ART Centre Code":"ART-MH-SNG-02","State":"Maharashtra","District":"Sangli","Name of ARTC":"Bharti Vidyapith, Sangli"},
{"ART Centre Code":"ART-MH-SNG-03","State":"Maharashtra","District":"Sangli","Name of ARTC":"Miraj GMC,Sangli"},
{"ART Centre Code":"ART-MH-SNG-04","State":"Maharashtra","District":"Sangli","Name of ARTC":"SDH Islampur, Sangli"},
{"ART Centre Code":"ART-MH-SNG-05","State":"Maharashtra","District":"Sangli","Name of ARTC":"Prakash Hospital & Research Center"},
{"ART Centre Code":"ART-MH-SNG-06","State":"Maharashtra","District":"Sangli","Name of ARTC":"PIMS Sangli"},
{"ART Centre Code":"ART-MH-STR-01","State":"Maharashtra","District":"Satara","Name of ARTC":"Satara CH"},
{"ART Centre Code":"ART-MH-STR-02","State":"Maharashtra","District":"Satara","Name of ARTC":"SDH Karad, Satara"},
{"ART Centre Code":"ART-MH-STR-03","State":"Maharashtra","District":"Satara","Name of ARTC":"SDH Phaltan, Satara"},
{"ART Centre Code":"ART-MH-THN-01","State":"Maharashtra","District":"Thane","Name of ARTC":"Thane CH"},
{"ART Centre Code":"ART-MH-THN-02","State":"Maharashtra","District":"Thane","Name of ARTC":"NMMC Vashi, Thane"},
{"ART Centre Code":"ART-MH-THN-03","State":"Maharashtra","District":"Thane","Name of ARTC":"Kalwa CSMH, Thane"},
{"ART Centre Code":"ART-MH-THN-04","State":"Maharashtra","District":"Thane","Name of ARTC":"Ulhasnagar Central Hosp., Thane"},
{"ART Centre Code":"ART-MH-THN-05","State":"Maharashtra","District":"Thane","Name of ARTC":"Bhiwandi IGM, Thane"},
{"ART Centre Code":"ART-MH-THN-06","State":"Maharashtra","District":"Thane","Name of ARTC":"Corporation Hospital, Bhayander"},
{"ART Centre Code":"ART-MH-THN-07","State":"Maharashtra","District":"Thane","Name of ARTC":"Rukminibai Hospital, Kalyan, KDMC"},
{"ART Centre Code":"ART-MH-THN-08","State":"Maharashtra","District":"Thane","Name of ARTC":"Shastrinagar Hospital, Dombiwali, KDMC"},
{"ART Centre Code":"ART-MH-WDH-01","State":"Maharashtra","District":"Wardha","Name of ARTC":"Wardha CH"},
{"ART Centre Code":"ART-MH-WSM-01","State":"Maharashtra","District":"Washim","Name of ARTC":"Washim CH"},
{"ART Centre Code":"ART-MH-YTL-01","State":"Maharashtra","District":"Yavatmal","Name of ARTC":"Yavatmal GMC"},
{"ART Centre Code":"ART-MH-YTL-02","State":"Maharashtra","District":"Yavatmal","Name of ARTC":"SDH Pusad, Yavatmal"},
{"ART Centre Code":"ART-MN-BPR-01","State":"Manipur","District":"Bishnupur","Name of ARTC":"Bishnupur DH"},
{"ART Centre Code":"ART-MN-CCP-01","State":"Manipur","District":"Churachandpur","Name of ARTC":"Churachandpur DH"},
{"ART Centre Code":"ART-MN-CCP-02","State":"Manipur","District":"Churachandpur","Name of ARTC":"MSF-Churachandpur"},
{"ART Centre Code":"ART-MN-CDL-01","State":"Manipur","District":"Chandel","Name of ARTC":"Chandel DH"},
{"ART Centre Code":"ART-MN-CDL-02","State":"Manipur","District":"Chandel","Name of ARTC":"MSF-Moreh"},
{"ART Centre Code":"ART-MN-CDL-03","State":"Manipur","District":"Chandel","Name of ARTC":"ART centre, CHC Moreh"},
{"ART Centre Code":"ART-MN-EIM-01","State":"Manipur","District":"Imphal East","Name of ARTC":"JNIMS"},
{"ART Centre Code":"ART-MN-EIM-02","State":"Manipur","District":"Imphal East","Name of ARTC":"JNIMS"},
{"ART Centre Code":"ART-MN-SPT-01","State":"Manipur","District":"Senapati","Name of ARTC":"Senapati DH"},
{"ART Centre Code":"ART-MN-TAM-01","State":"Manipur","District":"Tamenglong","Name of ARTC":"Tamenglong DH"},
{"ART Centre Code":"ART-MN-TBL-01","State":"Manipur","District":"Thoubal","Name of ARTC":"Thoubal"},
{"ART Centre Code":"ART-MN-UKL-01","State":"Manipur","District":"Ukhrul","Name of ARTC":"Ukhrul DH"},
{"ART Centre Code":"ART-MN-WIM-01","State":"Manipur","District":"Imphal West","Name of ARTC":"RIMS"},
{"ART Centre Code":"ART-MG-SHI-01","State":"Meghalaya","District":"Shillong","Name of ARTC":"ARTC Civil Hospital Shillong,Meghalaya"},
{"ART Centre Code":"ART-MG-SHI-02","State":"Meghalaya","District":"Shillong","Name of ARTC":"NEIGRIHMS, Mawdiangdiang"},
{"ART Centre Code":"ART-MG-JOW-01","State":"Meghalaya","District":"West Jowai","Name of ARTC":"Jowai Civil Hospital"},
{"ART Centre Code":"ART-MG-TUR-01","State":"Meghalaya","District":"West Garo Hills","Name of ARTC":"Tura Civil Hospital"},
{"ART Centre Code":"ART-MZ-AZL-01","State":"Mizoram","District":"Aizawl E","Name of ARTC":"CH (Aizawl)"},
{"ART Centre Code":"ART-MZ-AZL-02","State":"Mizoram","District":"Aizawl W","Name of ARTC":"Kulikawn Hospital"},
{"ART Centre Code":"ART-MZ-CHP-01","State":"Mizoram","District":"Champhai","Name of ARTC":"CH (Champhai)"},
{"ART Centre Code":"ART-MZ-KLS-01","State":"Mizoram","District":"Kolasib","Name of ARTC":"DH (Kolasib)"},
{"ART Centre Code":"ART-MZ-LLI-01","State":"Mizoram","District":"Lunglei","Name of ARTC":"CH (Lunglei)"},
{"ART Centre Code":"ART-MZ-MMT-01","State":"Mizoram","District":"Mamit","Name of ARTC":"DH (Mamit)"},
{"ART Centre Code":"ART-MZ-SER-01","State":"Mizoram","District":"Serchhip","Name of ARTC":"Serchhip District Hospital"},
{"ART Centre Code":"ART-MZ-SIA-01","State":"Mizoram","District":"Siaha","Name of ARTC":"Siaha District Hospital"},
{"ART Centre Code":"ART-MU-BMC-01","State":"Mumbai","District":"Mumbai","Name of ARTC":"Sir. J.J.ART Center"},
{"ART Centre Code":"ART-MU-BMC-02","State":"Mumbai","District":"Mumbai","Name of ARTC":"Sir. J.J.ART Center 2"},
{"ART Centre Code":"ART-MU-BMC-03","State":"Mumbai","District":"Mumbai","Name of ARTC":"KEM ART Center"},
{"ART Centre Code":"ART-MU-BMC-04","State":"Mumbai","District":"Mumbai","Name of ARTC":"BYL Nair ART Center"},
{"ART Centre Code":"ART-MU-BMC-05","State":"Mumbai","District":"Mumbai","Name of ARTC":"LTMGH Sion ART Center"},
{"ART Centre Code":"ART-MU-BMC-06","State":"Mumbai","District":"Mumbai","Name of ARTC":"Pediatric Center of Excellence"},
{"ART Centre Code":"ART-MU-BMC-07","State":"Mumbai","District":"Mumbai","Name of ARTC":"Shatabdi Govandi ART Center"},
{"ART Centre Code":"ART-MU-BMC-08","State":"Mumbai","District":"Mumbai","Name of ARTC":"Siddharth ART Center"},
{"ART Centre Code":"ART-MU-BMC-09","State":"Mumbai","District":"Mumbai","Name of ARTC":"M T Agarwal ART Center"},
{"ART Centre Code":"ART-MU-BMC-10","State":"Mumbai","District":"Mumbai","Name of ARTC":"L & T ART Center"},
{"ART Centre Code":"ART-MU-BMC-11","State":"Mumbai","District":"Mumbai","Name of ARTC":"Godrej ART Center"},
{"ART Centre Code":"ART-MU-BMC-12","State":"Mumbai","District":"Mumbai","Name of ARTC":"BDBA ART Center"},
{"ART Centre Code":"ART-MU-BMC-13","State":"Mumbai","District":"Mumbai","Name of ARTC":"Dr R N Cooper ART Center"},
{"ART Centre Code":"ART-MU-BMC-14","State":"Mumbai","District":"Mumbai","Name of ARTC":"K B Bhabha (Bandra) ART Center"},
{"ART Centre Code":"ART-MU-BMC-15","State":"Mumbai","District":"Mumbai","Name of ARTC":"Rajawadi ART Center"},
{"ART Centre Code":"ART-MU-BMC-16","State":"Mumbai","District":"Mumbai","Name of ARTC":"MBPT ART Center"},
{"ART Centre Code":"ART-MU-BMC-17","State":"Mumbai","District":"Mumbai","Name of ARTC":"Municipal STD Clinic, Mumbai"},
{"ART Centre Code":"ART-MU-BMC-18","State":"Mumbai","District":"Mumbai","Name of ARTC":"GTB Hospital, Sewri"},
{"ART Centre Code":"ART-MU-BMC-19","State":"Mumbai","District":"Mumbai","Name of ARTC":"BJ Wadia Hospital"},
{"ART Centre Code":"ART-NL-DPR-01","State":"Nagaland","District":"Dimapur","Name of ARTC":"DH, Dimapur"},
{"ART Centre Code":"ART-NL-DPR-02","State":"Nagaland","District":"Dimapur","Name of ARTC":"Assam Rifles Composite Hospital"},
{"ART Centre Code":"ART-NL-KMA-01","State":"Nagaland","District":"Kohima","Name of ARTC":"NHA Kohima"},
{"ART Centre Code":"ART-NL-KPR-01","State":"Nagaland","District":"Kiphire","Name of ARTC":"District Hospital Kiphire, Nagaland"},
{"ART Centre Code":"ART-NL-MKK-01","State":"Nagaland","District":"Mokokchung","Name of ARTC":"IMDH, Mokokchung"},
{"ART Centre Code":"ART-NL-PHK-01","State":"Nagaland","District":"Phek","Name of ARTC":"DH, Phek"},
{"ART Centre Code":"ART-NL-PRN-01","State":"Nagaland","District":"Peren","Name of ARTC":"CHC, Jalukie"},
{"ART Centre Code":"ART-NL-TSG-01","State":"Nagaland","District":"Tuensang","Name of ARTC":"DH, Tuensang"},
{"ART Centre Code":"ART-NL-ZNB-01","State":"Nagaland","District":"Zunheboto","Name of ARTC":"DH Zunheboto, Nagaland"},
{"ART Centre Code":"ART-OR-AGL-01","State":"Odisha","District":"Angul","Name of ARTC":"DHH, Angul"},
{"ART Centre Code":"ART-OR-BDK-01","State":"Odisha","District":"Bhadrak","Name of ARTC":"DHH, Bhadrak"},
{"ART Centre Code":"ART-OR-BLG-01","State":"Odisha","District":"Balangir","Name of ARTC":"DHH, Balangir"},
{"ART Centre Code":"ART-OR-BLS-01","State":"Odisha","District":"Balasore","Name of ARTC":"DHH, Balasore"},
{"ART Centre Code":"ART-OR-CTK-01","State":"Odisha","District":"Cuttack","Name of ARTC":"SCB Medical College, Cuttack"},
{"ART Centre Code":"ART-OR-GJM-01","State":"Odisha","District":"Ganjam","Name of ARTC":"MKCG Medical College, Berhampur"},
{"ART Centre Code":"ART-OR-GJM-02","State":"Odisha","District":"Ganjam","Name of ARTC":"Sub-Divisional Hospital, Bhanjanagar"},
{"ART Centre Code":"ART-OR-KRD-01","State":"Odisha","District":"Khordha","Name of ARTC":"Capital Hospital, Bhubaneswar"},
{"ART Centre Code":"ART-OR-KRP-01","State":"Odisha","District":"Koraput","Name of ARTC":"DHH, Koraput"},
{"ART Centre Code":"ART-OR-MBJ-01","State":"Odisha","District":"Mayurbhanj","Name of ARTC":"Pandit Raghunath Murmu Medical College & Hospital, Baripada"},
{"ART Centre Code":"ART-OR-NWP-01","State":"Odisha","District":"Nabarangpur","Name of ARTC":"DHH, Nabarangpur"},
{"ART Centre Code":"ART-OR-NYG-01","State":"Odisha","District":"Nayagarh","Name of ARTC":"FI-ART Centre, DHH, Nayagarh"},
{"ART Centre Code":"ART-OR-PUR-01","State":"Odisha","District":"Puri","Name of ARTC":"DHH, Puri"},
{"ART Centre Code":"ART-OR-RYG-01","State":"Odisha","District":"Rayagada","Name of ARTC":"FI-ART Centre, DHH, Rayagada"},
{"ART Centre Code":"ART-OR-SBP-01","State":"Odisha","District":"Sambalpur","Name of ARTC":"VSS Medical College, Burla"},
{"ART Centre Code":"ART-OR-SDG-01","State":"Odisha","District":"Sundargarh","Name of ARTC":"Rourkela Govt. Hospital, Rourkela"},
{"ART Centre Code":"ART-PO-PNY-01","State":"Pondicherry","District":"Pondicherry","Name of ARTC":"IGGGH & PGI, Pondicherry"},
{"ART Centre Code":"ART-PB-ASR-01","State":"Punjab","District":"Amritsar","Name of ARTC":"Amritsar"},
{"ART Centre Code":"ART-PB-BTD-01","State":"Punjab","District":"Bathinda","Name of ARTC":"Bathinda"},
{"ART Centre Code":"ART-PB-BTD-02","State":"Punjab","District":"Bathinda","Name of ARTC":"AIMSR, Bathinda"},
{"ART Centre Code":"ART-PB-FZP-01","State":"Punjab","District":"Ferozepur","Name of ARTC":"Ferozepur"},
{"ART Centre Code":"ART-PB-GDP-01","State":"Punjab","District":"Gurdaspur","Name of ARTC":"FI-ART CH Batala"},
{"ART Centre Code":"ART-PB-HSP-01","State":"Punjab","District":"Hoshiarpur","Name of ARTC":"Hoshiarpur"},
{"ART Centre Code":"ART-PB-JLD-01","State":"Punjab","District":"Jalandhar","Name of ARTC":"Jalandhar"},
{"ART Centre Code":"ART-PB-LUD-01","State":"Punjab","District":"Ludhiana","Name of ARTC":"Ludhiana"},
{"ART Centre Code":"ART-PB-MGA-01","State":"Punjab","District":"Moga","Name of ARTC":"FI-ART CH Moga"},
{"ART Centre Code":"ART-PB-NSR-01","State":"Punjab","District":"Nawanshahr","Name of ARTC":"Civil Hospital, Nawanshahr"},
{"ART Centre Code":"ART-PB-PAT-01","State":"Punjab","District":"Pathankot","Name of ARTC":"Pathankot"},
{"ART Centre Code":"ART-PB-PTK-01","State":"Punjab","District":"Patiala","Name of ARTC":"Patiala"},
{"ART Centre Code":"ART-PB-ROP-01","State":"Punjab","District":"Ropar","Name of ARTC":"FI-ART CH Ropar"},
{"ART Centre Code":"ART-PB-KAP-01","State":"Punjab","District":"Kapurthala","Name of ARTC":"ARTC Kapurthala"},
{"ART Centre Code":"ART-PB-TNT-01","State":"Punjab","District":"Tarn Tara","Name of ARTC":"Tarn Taran"},
{"ART Centre Code":"ART-PB-FRK-01","State":"Punjab","District":"Faridkot","Name of ARTC":"Guru Gobind Singh Medical College & Hospital (GGSMCH)"},
{"ART Centre Code":"ART-RJ-AJM-01","State":"Rajasthan","District":"Ajmer","Name of ARTC":"Ajmer"},
{"ART Centre Code":"ART-RJ-ALW-01","State":"Rajasthan","District":"Alwar","Name of ARTC":"Alwar"},
{"ART Centre Code":"ART-RJ-BKN-01","State":"Rajasthan","District":"Bikaner","Name of ARTC":"Bikaner"},
{"ART Centre Code":"ART-RJ-BLW-01","State":"Rajasthan","District":"Bhilwara","Name of ARTC":"Bhilwara"},
{"ART Centre Code":"ART-RJ-BRM-01","State":"Rajasthan","District":"Barmer","Name of ARTC":"Barmer"},
{"ART Centre Code":"ART-RJ-BSW-01","State":"Rajasthan","District":"Banswara","Name of ARTC":"Banswara"},
{"ART Centre Code":"ART-RJ-BTP-01","State":"Rajasthan","District":"Bharatpur","Name of ARTC":"Bharatpur"},
{"ART Centre Code":"ART-RJ-CHG-01","State":"Rajasthan","District":"Chittorgarh","Name of ARTC":"Chittorgarh"},
{"ART Centre Code":"ART-RJ-CHR-01","State":"Rajasthan","District":"Churu","Name of ARTC":"Churu"},
{"ART Centre Code":"ART-RJ-DHO-01","State":"Rajasthan","District":"Dholpur","Name of ARTC":"Dholpur District Hospital"},
{"ART Centre Code":"ART-RJ-DGP-01","State":"Rajasthan","District":"Dungarpur","Name of ARTC":"Dungarpur"},
{"ART Centre Code":"ART-RJ-HNG-01","State":"Rajasthan","District":"Hanumangarh","Name of ARTC":"Hanumangarh"},
{"ART Centre Code":"ART-RJ-JDP-01","State":"Rajasthan","District":"Jodhpur","Name of ARTC":"Jodhpur"},
{"ART Centre Code":"ART-RJ-JHA-01","State":"Rajasthan","District":"Jhalawar","Name of ARTC":"SRG and Jhalawar Medical College"},
{"ART Centre Code":"ART-RJ-JJN-01","State":"Rajasthan","District":"Jhunjhunu","Name of ARTC":"Jhunjhunu"},
{"ART Centre Code":"ART-RJ-JLR-01","State":"Rajasthan","District":"Jalore","Name of ARTC":"Jalore"},
{"ART Centre Code":"ART-RJ-JPR-01","State":"Rajasthan","District":"Jaipur","Name of ARTC":"SMS Hospital, Jaipur"},
{"ART Centre Code":"ART-RJ-JPR-02","State":"Rajasthan","District":"Jaipur","Name of ARTC":"NIMS Jaipur"},
{"ART Centre Code":"ART-RJ-JPR-03","State":"Rajasthan","District":"Jaipur","Name of ARTC":"Jaipur National Institute University"},
{"ART Centre Code":"ART-RJ-JPR-04","State":"Rajasthan","District":"Jaipur","Name of ARTC":"Mahatma Gandhi Medical College, Jaipur"},
{"ART Centre Code":"ART-RJ-KTA-01","State":"Rajasthan","District":"Kota","Name of ARTC":"Kota"},
{"ART Centre Code":"ART-RJ-NGR-01","State":"Rajasthan","District":"Nagaur","Name of ARTC":"Nagaur"},
{"ART Centre Code":"ART-RJ-PLI-01","State":"Rajasthan","District":"Pali","Name of ARTC":"Pali"},
{"ART Centre Code":"ART-RJ-RSD-01","State":"Rajasthan","District":"Rajsamand","Name of ARTC":"R K Hospital, Rajsamand"},
{"ART Centre Code":"ART-RJ-RSD-02","State":"Rajasthan","District":"Rajsamand","Name of ARTC":"AIIMSRC, Rajsamand"},
{"ART Centre Code":"ART-RJ-SGN-01","State":"Rajasthan","District":"Sri Ganga Nagar","Name of ARTC":"Sri Ganga Nagar"},
{"ART Centre Code":"ART-RJ-SKR-01","State":"Rajasthan","District":"Sikar","Name of ARTC":"Sikar"},
{"ART Centre Code":"ART-RJ-SRH-01","State":"Rajasthan","District":"Sirohi","Name of ARTC":"Sirohi"},
{"ART Centre Code":"ART-RJ-UDP-01","State":"Rajasthan","District":"Udaipur","Name of ARTC":"MB Hospital, Udaipur"},
{"ART Centre Code":"ART-RJ-UDP-02","State":"Rajasthan","District":"Udaipur","Name of ARTC":"Pacific Institute of Medical Sciences, Umarda"},
{"ART Centre Code":"ART-RJ-UDP-03","State":"Rajasthan","District":"Udaipur","Name of ARTC":"AIIMS, Udaipur"},
{"ART Centre Code":"ART-RJ-UDP-04","State":"Rajasthan","District":"Udaipur","Name of ARTC":"GMCH, Udaipur"},
{"ART Centre Code":"ART-SI-ESI-01","State":"Sikkim","District":"East Sikkim","Name of ARTC":"ART Plus Centre,STNM Hospital, Gangtok"},
{"ART Centre Code":"ART-TN-ARY-01","State":"Tamil Nadu","District":"Ariyalur","Name of ARTC":"Jayamkondam ART Center"},
{"ART Centre Code":"ART-TN-CBE-01","State":"Tamil Nadu","District":"Coimbatore","Name of ARTC":"Coimbatore ART Centre"},
{"ART Centre Code":"ART-TN-CBE-02","State":"Tamil Nadu","District":"Coimbatore","Name of ARTC":"Pollachi ART centre"},
{"ART Centre Code":"ART-TN-CNI-01","State":"Tamil Nadu","District":"Chennai","Name of ARTC":"Rajiv Gandhi Government General Hospital, (MMC) ARTC"},
{"ART Centre Code":"ART-TN-CNI-02","State":"Tamil Nadu","District":"Chennai","Name of ARTC":"Govt.Kilpauk Medical College & Hospital, ART Centre"},
{"ART Centre Code":"ART-TN-CNI-03","State":"Tamil Nadu","District":"Chennai","Name of ARTC":"Institute of Obstetrics and Gynecology & Govt. Hospital for Women and Children, ART Centre"},
{"ART Centre Code":"ART-TN-CNI-04","State":"Tamil Nadu","District":"Chennai","Name of ARTC":"The Regional Paediatric Centre, Institute of Child Health & Hospital for Children, (ICH)"},
{"ART Centre Code":"ART-TN-CNI-05","State":"Tamil Nadu","District":"Chennai","Name of ARTC":"Stantely Medical College Hospital ARTC"},
{"ART Centre Code":"ART-TN-CUD-01","State":"Tamil Nadu","District":"Cuddalore","Name of ARTC":"Cuddalore-ARTC"},
{"ART Centre Code":"ART-TN-CUD-02","State":"Tamil Nadu","District":"Cuddalore","Name of ARTC":"Virudhachalam-ARTC"},
{"ART Centre Code":"ART-TN-DGL-01","State":"Tamil Nadu","District":"Dindigul","Name of ARTC":"Dindigul ARTC"},
{"ART Centre Code":"ART-TN-DGL-02","State":"Tamil Nadu","District":"Dindigul","Name of ARTC":"Palani ART Centre"},
{"ART Centre Code":"ART-TN-DPI-01","State":"Tamil Nadu","District":"Dharmapuri","Name of ARTC":"Dharmapuri ARTC"},
{"ART Centre Code":"ART-TN-DPI-02","State":"Tamil Nadu","District":"Dharmapuri","Name of ARTC":"Harur GH, Dharmapuri District"},
{"ART Centre Code":"ART-TN-ERD-01","State":"Tamil Nadu","District":"Erode","Name of ARTC":"Erode ARTC"},
{"ART Centre Code":"ART-TN-KKM-01","State":"Tamil Nadu","District":"Kanniyakumari","Name of ARTC":"Kanyakumari ART centre"},
{"ART Centre Code":"ART-TN-KKR-01","State":"Tamil Nadu","District":"Karur","Name of ARTC":"Karur ARTC"},
{"ART Centre Code":"ART-TN-KPM-01","State":"Tamil Nadu","District":"Kancheepuram","Name of ARTC":"Chengalpattu ARTC"},
{"ART Centre Code":"ART-TN-KPM-02","State":"Tamil Nadu","District":"Kancheepuram","Name of ARTC":"GHTM - ARTC\nCentre of Excellence"},
{"ART Centre Code":"ART-TN-KRG-01","State":"Tamil Nadu","District":"Krishnagiri","Name of ARTC":"Krishnagiri ARTC"},
{"ART Centre Code":"ART-TN-KRG-02","State":"Tamil Nadu","District":"Krishnagiri","Name of ARTC":"Hosur ARTC"},
{"ART Centre Code":"ART-TN-MDU-01","State":"Tamil Nadu","District":"Madurai","Name of ARTC":"GRH, ART centre,Madurai"},
{"ART Centre Code":"ART-TN-MDU-02","State":"Tamil Nadu","District":"Madurai","Name of ARTC":"Melur, ART Centre, Madurai DT"},
{"ART Centre Code":"ART-TN-MDU-03","State":"Tamil Nadu","District":"Madurai","Name of ARTC":"Thirumangalam Art Centre"},
{"ART Centre Code":"ART-TN-NAG-01","State":"Tamil Nadu","District":"Nagapattinam","Name of ARTC":"Nagapattinam ART Centre"},
{"ART Centre Code":"ART-TN-NAM-01","State":"Tamil Nadu","District":"Namakkal","Name of ARTC":"Namakkal ARTC"},
{"ART Centre Code":"ART-TN-NAM-02","State":"Tamil Nadu","District":"Namakkal","Name of ARTC":"Thiruchengode ARTC"},
{"ART Centre Code":"ART-TN-NAM-03","State":"Tamil Nadu","District":"Namakkal","Name of ARTC":"Rasipuram GH, Namakkal District"},
{"ART Centre Code":"ART-TN-PBR-01","State":"Tamil Nadu","District":"Perambalur","Name of ARTC":"Perambalur ARTC"},
{"ART Centre Code":"ART-TN-PDK-01","State":"Tamil Nadu","District":"Pudukkottai","Name of ARTC":"Pudukottai ARTC"},
{"ART Centre Code":"ART-TN-RMP-01","State":"Tamil Nadu","District":"Ramanathapuram","Name of ARTC":"Ramanathapuram ART Centre\n"},
{"ART Centre Code":"ART-TN-SLM-01","State":"Tamil Nadu","District":"Salem","Name of ARTC":"Salem ARTC, Salem Dist."},
{"ART Centre Code":"ART-TN-SLM-02","State":"Tamil Nadu","District":"Salem","Name of ARTC":"Attur , ART Centre, Salem Dist."},
{"ART Centre Code":"ART-TN-SLM-03","State":"Tamil Nadu","District":"Salem","Name of ARTC":"OMALUR ARTC, Salem Dist."},
{"ART Centre Code":"ART-TN-SVG-01","State":"Tamil Nadu","District":"Sivagangai","Name of ARTC":"Sivagangai ART Centre"},
{"ART Centre Code":"ART-TN-TIR-01","State":"Tamil Nadu","District":"Tirupur","Name of ARTC":"Tirupur ARTC"},
{"ART Centre Code":"ART-TN-TLR-01","State":"Tamil Nadu","District":"Thiruvallur","Name of ARTC":"Thiruvallur ARTC"},
{"ART Centre Code":"ART-TN-TNI-01","State":"Tamil Nadu","District":"Theni","Name of ARTC":"THENI Art Centre"},
{"ART Centre Code":"ART-TN-TNI-02","State":"Tamil Nadu","District":"Theni","Name of ARTC":"CUMBUM ART Centre"},
{"ART Centre Code":"ART-TN-TNJ-01","State":"Tamil Nadu","District":"Thanjavur","Name of ARTC":"Thanjavur ARTC"},
{"ART Centre Code":"ART-TN-TNJ-02","State":"Tamil Nadu","District":"Thanjavur","Name of ARTC":"Kumbakonam ART Centre"}
,
{"ART Centre Code":"ART-TN-TNL-01","State":"Tamil Nadu","District":"The Nilgiris","Name of ARTC":"Ooty ART Centre"},
{"ART Centre Code":"ART-TN-TNV-01","State":"Tamil Nadu","District":"Tirunelveli","Name of ARTC":"Tirunelveli ARTC"},
{"ART Centre Code":"ART-TN-TNV-02","State":"Tamil Nadu","District":"Tirunelveli","Name of ARTC":"Tenkasi HQH, Tirunelveli District"},
{"ART Centre Code":"ART-TN-TRY-01","State":"Tamil Nadu","District":"Trichy","Name of ARTC":"Trichy ART Centre,"},
{"ART Centre Code":"ART-TN-TRY-02","State":"Tamil Nadu","District":"Trichy","Name of ARTC":"Manaparai ART Centre,"},
{"ART Centre Code":"ART-TN-TTC-01","State":"Tamil Nadu","District":"Toothukudi","Name of ARTC":"Toothukudi ARTC"},
{"ART Centre Code":"ART-TN-TVM-01","State":"Tamil Nadu","District":"Tiruvanamalai","Name of ARTC":"Tiruvannamalai ARTC"},
{"ART Centre Code":"ART-TN-TVR-01","State":"Tamil Nadu","District":"Thiruvarur","Name of ARTC":"Tiruvarur"},
{"ART Centre Code":"ART-TN-VLR-01","State":"Tamil Nadu","District":"Vellore","Name of ARTC":"Vellore ARTC"},
{"ART Centre Code":"ART-TN-VLR-02","State":"Tamil Nadu","District":"Vellore","Name of ARTC":"Tirupattur ART Centre\n"},
{"ART Centre Code":"ART-TN-VLR-03","State":"Tamil Nadu","District":"Vellore","Name of ARTC":"CMC, Vellore"},
{"ART Centre Code":"ART-TN-VPM-01","State":"Tamil Nadu","District":"Villupuram","Name of ARTC":"Villupuram ART Center"},
{"ART Centre Code":"ART-TN-VPM-02","State":"Tamil Nadu","District":"Villupuram","Name of ARTC":"Kallakurichi ARTC"},
{"ART Centre Code":"ART-TN-VRD-01","State":"Tamil Nadu","District":"Virudhunagar","Name of ARTC":"Virudhunagar ART Centre \n"},
{"ART Centre Code":"ART-TE-ADB-01","State":"Telangana","District":"Adilabad","Name of ARTC":"Adilabad"},
{"ART Centre Code":"ART-TE-HYD-01","State":"Telangana","District":"Hyderabad","Name of ARTC":"Chest Hyd"},
{"ART Centre Code":"ART-TE-HYD-02","State":"Telangana","District":"Hyderabad","Name of ARTC":"Gandhi"},
{"ART Centre Code":"ART-TE-HYD-03","State":"Telangana","District":"Hyderabad","Name of ARTC":"King Koti"},
{"ART Centre Code":"ART-TE-HYD-04","State":"Telangana","District":"Hyderabad","Name of ARTC":"Niloufer"},
{"ART Centre Code":"ART-TE-HYD-05","State":"Telangana","District":"Hyderabad","Name of ARTC":"Osmania"},
{"ART Centre Code":"ART-TE-HYD-06","State":"Telangana","District":"Hyderabad","Name of ARTC":"Apollo Institute"},
{"ART Centre Code":"ART-TE-KMM-01","State":"Telangana","District":"Khammam","Name of ARTC":"Khammam"},
{"ART Centre Code":"ART-TE-KMM-02","State":"Telangana","District":"Khammam","Name of ARTC":"Bhadrachalam"},
{"ART Centre Code":"ART-TE-KMR-01","State":"Telangana","District":"Karimnagar","Name of ARTC":"Karimnagar"},
{"ART Centre Code":"ART-TE-KMR-02","State":"Telangana","District":"Karimnagar","Name of ARTC":"Ramagundam"},
{"ART Centre Code":"ART-TE-KMR-03","State":"Telangana","District":"Karimnagar","Name of ARTC":"Jagityal"},
{"ART Centre Code":"ART-TE-MBR-01","State":"Telangana","District":"Mahabubnagar","Name of ARTC":"Mahbubnagar"},
{"ART Centre Code":"ART-TE-MDK-01","State":"Telangana","District":"Medak","Name of ARTC":"Sangareddy"},
{"ART Centre Code":"ART-TE-MDK-02","State":"Telangana","District":"Medak","Name of ARTC":"Siddipet"},
{"ART Centre Code":"ART-TE-NGD-01","State":"Telangana","District":"Nalgonda","Name of ARTC":"Nalgonda"},
{"ART Centre Code":"ART-TE-NGD-02","State":"Telangana","District":"Nalgonda","Name of ARTC":"Suryapet"},
{"ART Centre Code":"ART-TE-NZD-01","State":"Telangana","District":"Nizamabad","Name of ARTC":"Nizamabad"},
{"ART Centre Code":"ART-TE-NZD-02","State":"Telangana","District":"Nizamabad","Name of ARTC":"Kama Reddy"},
{"ART Centre Code":"ART-TE-NZD-03","State":"Telangana","District":"Nizamabad","Name of ARTC":"Banswada"},
{"ART Centre Code":"ART-TE-RGY-01","State":"Telangana","District":"Rangareddy","Name of ARTC":"Tandur"},
{"ART Centre Code":"ART-TE-WRL-01","State":"Telangana","District":"Warangal","Name of ARTC":"Warangal"},
{"ART Centre Code":"ART-TE-WRL-02","State":"Telangana","District":"Warangal","Name of ARTC":"Janagon"},
{"ART Centre Code":"ART-TR-DHL-01","State":"Tripura","District":"Dhalai","Name of ARTC":"Kulai hospital"},
{"ART Centre Code":"ART-TR-DHR-01","State":"Tripura","District":"Dharmanagar","Name of ARTC":"District Hospital North Tripura Dharmanagar"},
{"ART Centre Code":"ART-TR-WES-01","State":"Tripura","District":"West","Name of ARTC":"AGMC & GBP Hospital"},
{"ART Centre Code":"ART-UP-AGR-01","State":"Uttar Pradesh","District":"Agra","Name of ARTC":"SNMC Agra"},
{"ART Centre Code":"ART-UP-AHB-01","State":"Uttar Pradesh","District":"Allahabad","Name of ARTC":"MLN Allahabad"},
{"ART Centre Code":"ART-UP-ALG-01","State":"Uttar Pradesh","District":"Aligarh","Name of ARTC":"JLNMC Aligarh"},
{"ART Centre Code":"ART-UP-ABN-01","State":"Uttar Pradesh","District":"Ambedkar Nagar","Name of ARTC":"Mahatma Jyotibha Phule (MJP) Combined District Hospital, Ambedkar Nagar"},
{"ART Centre Code":"ART-UP-AZG-01","State":"Uttar Pradesh","District":"Azamgarh","Name of ARTC":"DH Azamgarh"},
{"ART Centre Code":"ART-UP-BAL-01","State":"Uttar Pradesh","District":"Ballia","Name of ARTC":"DH Ballia"},
{"ART Centre Code":"ART-UP-BJR-01","State":"Uttar Pradesh","District":"Bijnor","Name of ARTC":"DH Bijnor"},
{"ART Centre Code":"ART-UP-BNA-01","State":"Uttar Pradesh","District":"Banda","Name of ARTC":"DH Banda"},
{"ART Centre Code":"ART-UP-BRC-01","State":"Uttar Pradesh","District":"Behraich","Name of ARTC":"DH Behraich"},
{"ART Centre Code":"ART-UP-BRL-01","State":"Uttar Pradesh","District":"Bareilly","Name of ARTC":"DH, Bareilly"},
{"ART Centre Code":"ART-UP-BRP-01","State":"Uttar Pradesh","District":"Balrampur","Name of ARTC":"DH Balrampur"},
{"ART Centre Code":"ART-UP-BST-01","State":"Uttar Pradesh","District":"Basti","Name of ARTC":"DH, Basti"},
{"ART Centre Code":"ART-UP-BUL-01","State":"Uttar Pradesh","District":"Bulandshar","Name of ARTC":"Babu Banrasi Das (BBD) Government District Hospital, Bulandshar"},
{"ART Centre Code":"ART-UP-DOR-01","State":"Uttar Pradesh","District":"Deoria","Name of ARTC":"DH DEORIA"},
{"ART Centre Code":"ART-UP-ETW-01","State":"Uttar Pradesh","District":"Etawah","Name of ARTC":"RIMSR Etawah"},
{"ART Centre Code":"ART-UP-FZB-01","State":"Uttar Pradesh","District":"Faizabad","Name of ARTC":"DH, Faizabad"},
{"ART Centre Code":"ART-UP-FHP-01","State":"Uttar Pradesh","District":"Fatehpur","Name of ARTC":"District Hospital, Fatehpur"},
{"ART Centre Code":"ART-UP-FRB-01","State":"Uttar Pradesh","District":"Firozabad","Name of ARTC":"SNM District Hospital, Firozabad"},
{"ART Centre Code":"ART-UP-GND-01","State":"Uttar Pradesh","District":"Gonda","Name of ARTC":"DH Gonda"},
{"ART Centre Code":"ART-UP-GRP-01","State":"Uttar Pradesh","District":"Gorakhpur","Name of ARTC":"BRD Medical College, Gorakhpur"},
{"ART Centre Code":"ART-UP-GZA-01","State":"Uttar Pradesh","District":"Ghaziabad","Name of ARTC":"DH Ghaziabad"},
{"ART Centre Code":"ART-UP-GZP-01","State":"Uttar Pradesh","District":"Ghazipur","Name of ARTC":"DH Ghazipur"},
{"ART Centre Code":"ART-UP-JLN-01","State":"Uttar Pradesh","District":"Jalaun","Name of ARTC":"DH Jalaun"},
{"ART Centre Code":"ART-UP-JNP-01","State":"Uttar Pradesh","District":"Jaunpur","Name of ARTC":"DH Jaunpur"},
{"ART Centre Code":"ART-UP-JNS-01","State":"Uttar Pradesh","District":"Jhansi","Name of ARTC":"MLB Jhansi"},
{"ART Centre Code":"ART-UP-KPN-01","State":"Uttar Pradesh","District":"Kanpur","Name of ARTC":"GSVM Kanpur"},
{"ART Centre Code":"ART-UP-KSN-01","State":"Uttar Pradesh","District":"Kushinagar","Name of ARTC":"DH Kushinagar"},
{"ART Centre Code":"ART-UP-LNO-01","State":"Uttar Pradesh","District":"Lucknow","Name of ARTC":"KGMU, Lucknow"},
{"ART Centre Code":"ART-UP-LNO-02","State":"Uttar Pradesh","District":"Lucknow","Name of ARTC":"Dr. Ram Manohar Lohia Combined Hospital, Gomtinagar, Lucknow, U.P"},
{"ART Centre Code":"ART-UP-MAU-01","State":"Uttar Pradesh","District":"Mau","Name of ARTC":"Mau"},
{"ART Centre Code":"ART-UP-MDB-01","State":"Uttar Pradesh","District":"Moradabad","Name of ARTC":"Moradabad"},
{"ART Centre Code":"ART-UP-MET-01","State":"Uttar Pradesh","District":"Meerut","Name of ARTC":"LLRM Medical College"},
{"ART Centre Code":"ART-UP-MHR-01","State":"Uttar Pradesh","District":"Maharajganj","Name of ARTC":"DH Maharajganj"},
{"ART Centre Code":"ART-UP-MTR-01","State":"Uttar Pradesh","District":"Mathura","Name of ARTC":"DH Mathura"},
{"ART Centre Code":"ART-UP-MZN-01","State":"Uttar Pradesh","District":"Muzaffar Nagar","Name of ARTC":"DH Muzaffar Nagar"},
{"ART Centre Code":"ART-UP-PTR-01","State":"Uttar Pradesh","District":"Pratapgarh","Name of ARTC":"DH Pratapgarh"},
{"ART Centre Code":"ART-UP-RAB-01","State":"Uttar Pradesh","District":"Raebareily","Name of ARTC":"NTPC Unchahar Raebareily"},
{"ART Centre Code":"ART-UP-SDN-01","State":"Uttar Pradesh","District":"Siddhart Nagar","Name of ARTC":"DH Siddhart Nagar"},
{"ART Centre Code":"ART-UP-SHP-01","State":"Uttar Pradesh","District":"Saharanpur","Name of ARTC":"DH Saharanpur"},
{"ART Centre Code":"ART-UP-SKN-01","State":"Uttar Pradesh","District":"Sant Kabir Nagar","Name of ARTC":"Combined District Hospital,Sant Kabir Nagar"},
{"ART Centre Code":"ART-UP-SRN-01","State":"Uttar Pradesh","District":"Sant Ravidasnagar","Name of ARTC":"Maharaja Chet Singh District Hospital, Sant Ravidasnagar"},
{"ART Centre Code":"ART-UP-SBA-01","State":"Uttar Pradesh","District":"Sonebhadra","Name of ARTC":"District Combined Hospital Sonebhadra"},
{"ART Centre Code":"ART-UP-SLP-01","State":"Uttar Pradesh","District":"Sultanpur","Name of ARTC":"DH Sultanpur"},
{"ART Centre Code":"ART-UP-UNO-01","State":"Uttar Pradesh","District":"Unnao","Name of ARTC":"Uma Shankar District Hospital, Unnao"},
{"ART Centre Code":"ART-UP-VRN-01","State":"Uttar Pradesh","District":"Varanasi","Name of ARTC":"IMS BHU Varanasi"},
{"ART Centre Code":"ART-UP-VRN-02","State":"Uttar Pradesh","District":"Varanasi","Name of ARTC":"PDDU Hospital Varanasi"},
{"ART Centre Code":"ART-UT-DDN-01","State":"Uttarakhand","District":"Dehradun","Name of ARTC":"ARTC, \nDoon Hospital, Dehradun"},
{"ART Centre Code":"ART-UT-DDN-02","State":"Uttarakhand","District":"Dehradun","Name of ARTC":"AIIMS, Rishikesh (Government Medical College)"},
{"ART Centre Code":"ART-UT-DDN-03","State":"Uttarakhand","District":"Dehradun","Name of ARTC":"Himalayan Institute of Medical Sciences"},
{"ART Centre Code":"ART-UT-DDN-04","State":"Uttarakhand","District":"Dehradun","Name of ARTC":"Sri Mahant Indresh Medical College"},
{"ART Centre Code":"ART-UT-HAR-01","State":"Uttarakhand","District":"Haridwar","Name of ARTC":"J N S M Government Joint Hospital, Roorkee"},
{"ART Centre Code":"ART-UT-NTL-01","State":"Uttarakhand","District":"Nainital","Name of ARTC":"ARTC, Dr. S.T.G.M.C. Haldwani"},
{"ART Centre Code":"ART-UT-PTG-01","State":"Uttarakhand","District":"Pithoragarh","Name of ARTC":"FI-ARTC, Distt. Hosp. Pithoragarh."},
{"ART Centre Code":"ART-WB-BDN-01","State":"West Bengal","District":"Burdwan","Name of ARTC":"ARTC, BMC&H"},
{"ART Centre Code":"ART-WB-BKR-01","State":"West Bengal","District":"Bankura","Name of ARTC":"FI-ARTC Bankura Sammillani MC&H"},
{"ART Centre Code":"ART-WB-HOW-01","State":"West Bengal","District":"Howrah","Name of ARTC":"District Hospital Howrah"},
{"ART Centre Code":"ART-WB-CAL-01","State":"West Bengal","District":"Kolkata","Name of ARTC":"ARTC, R.G.Kar MC&H"},
{"ART Centre Code":"ART-WB-CAL-02","State":"West Bengal","District":"Kolkata","Name of ARTC":"ARTC, S.S.K.M. Hospital"},
{"ART Centre Code":"ART-WB-CAL-03","State":"West Bengal","District":"Kolkata","Name of ARTC":"ARTC, STM"},
{"ART Centre Code":"ART-WB-CAL-04","State":"West Bengal","District":"Kolkata","Name of ARTC":"RPAC, MC&H"},
{"ART Centre Code":"ART-WB-CBR-01","State":"West Bengal","District":"Cooch Behar","Name of ARTC":"ART,MJN Coochbihar DH"},
{"ART Centre Code":"ART-WB-DJL-01","State":"West Bengal","District":"Darjeeling","Name of ARTC":"North Bengal Medical College & Hospital"},
{"ART Centre Code":"ART-WB-DJL-02","State":"West Bengal","District":"Darjeeling","Name of ARTC":"District Hospital Darjeeling"},
{"ART Centre Code":"ART-WB-HGL-01","State":"West Bengal","District":"Hooghly","Name of ARTC":"ARTC, Chinsurah .D.H."},
{"ART Centre Code":"ART-WB-MBD-01","State":"West Bengal","District":"Murshibad","Name of ARTC":"Murshidabad Medical College & Hospital (Sadar Campus)"},
{"ART Centre Code":"ART-WB-MLD-01","State":"West Bengal","District":"Malda","Name of ARTC":"ARTC, Malda MC&H"},
{"ART Centre Code":"ART-WB-MNP-01","State":"West Bengal","District":"West Medinipur","Name of ARTC":"Medinipore Medical College and Hospital"},
{"ART Centre Code":"ART-WB-MNP-02","State":"West Bengal","District":"West Medinipur","Name of ARTC":"Ghatal ART Centre, Ghatal S.D. Hospital, Ghatal Paschim Medinipur"},
{"ART Centre Code":"ART-WB-NDA-01","State":"West Bengal","District":"Nadia","Name of ARTC":"FI-ARTC Nadia DH"},
{"ART Centre Code":"ART-WB-NPG-01","State":"West Bengal","District":"North 24 Pgs","Name of ARTC":"Nort 24 Parganas District Hospital, Barasat"},
{"ART Centre Code":"ART-WB-SPG-01","State":"West Bengal","District":"South 24 Parganas","Name of ARTC":"ARTC, M.R.Bangur Hospital"},
{"ART Centre Code":"ART-WB-TML-01","State":"West Bengal","District":"East Medinipur","Name of ARTC":"FI-ARTC Tamluk D.H."},
{"ART Centre Code":"ART-WB-UDJ-01","State":"West Bengal","District":"Uttar Dinajpur","Name of ARTC":"ARTC, Islampur SDH"}
]
